CustomerId,FirstName,LastName,EmailAddress,PhoneNumber,MailingAddress,DateOfBirth,AgentId
PSWRRCAMWN,Kathleen,Tucker,marvinperez@morris.net,320-043-2470,"87031 Lee Glen Suite 119, North Josephville, MI 29939",1941-01-29,WTWUETSHJF
QJHHNO79U8,Cole,Baker,hmorris@gmail.com,051-634-1866,"397 Carter Walk, West Sara, IL 14339",1955-07-28,WN4AGU3KVB
33RGPPWKIH,Rodney,Haas,catherine82@hotmail.com,+11-520-7717,"13348 Heather Lock Apt. 017, Port Angelaview, DE 42904",2020-04-25,QWDYJG22FH
LA100REPLV,Paul,Campbell,maryjones@johnson.com,001-673-4203,"821 Jack Hills Suite 854, North Joshua, RI 18326",1936-01-20,LB4GXSNSRD
6NAUSMGCCI,Jose,Freeman,skirby@marshall-harrison.com,301-.38-2.95,"2459 Frye Tunnel, Smithton, TX 67126",1966-01-25,ZK57ZZMBGL
W1XV2P83LT,Amy,Hernandez,hbutler@hotmail.com,614-581-0961,"PSC 5612, Box 4330, APO AP 76592",1993-07-02,TX5JO87TE5
MKTUL15VCK,Frank,Valdez,tinajohnson@oneal.com,451-575-9833,"684 Dalton Cliffs, West Erinborough, WI 65768",1911-10-15,5SVC6QKTM5
EQSU16ZS6C,Carla,Gonzalez,lsmith@cook-gallegos.info,415-141-0742,"32747 Robert Plains Suite 546, Jasmineland, MD 15163",1971-04-20,U55OBQC089
RH8ZRDO5U9,William,Webb,david32@gmail.com,220-.11-0.27,"429 Jackson Path Apt. 259, Freymouth, HI 09396",1929-08-01,N1VNIXHFCR
ZHKXOVC0L3,Donna,Sims,roberto17@anderson.biz,001-516-5444,"509 Gibson Harbor Suite 373, Dominiqueland, NE 10677",1954-12-05,8XQ99IHVT3
R5RLL5U796,Derek,Johnson,klittle@jacobs.org,001-358-5809,"0270 Smith Squares, Gonzalezport, MT 85491",1992-04-05,WTWUETSHJF
N33XHE6D5D,Karen,Ball,emily22@hunter-floyd.com,523-.77-8.96,"62326 Hannah Neck, East Erinmouth, MN 39091",1968-11-11,WN4AGU3KVB
66XAM14W9O,Christopher,Valentine,megansanders@gmail.com,928-888-4435,"Unit 5521 Box 1661, DPO AP 32157",2002-11-02,QWDYJG22FH
S4TDE7A3CU,Ryan,Landry,brianvaughan@lopez.com,001-578-6624,"4677 Kimberly Creek, West Shawn, GA 03202",1991-03-01,LB4GXSNSRD
G7Y6KXR6OI,Julie,Chen,benjamin11@cooper-nelson.org,128-309-6640,"578 Jennifer Falls, South Codyland, OK 71289",1950-06-06,ZK57ZZMBGL
BJ19NSJOER,Whitney,Hall,wiseshelby@hotmail.com,082-924-7702,"6283 Fitzgerald Fords Suite 524, Bentleyborough, AK 68186",1932-11-21,TX5JO87TE5
CI9GTA0NBS,Justin,Stout,charlesnolan@yahoo.com,030-164-6193,"2746 Blake Keys Suite 739, New Mistyberg, DC 56871",1940-07-19,5SVC6QKTM5
357J3A5T3D,Cheryl,Peterson,jenniferhoffman@gmail.com,853-089-6988,"139 Mathis Ports Apt. 141, Craigborough, IN 99002",1935-07-10,U55OBQC089
LPBL2F47PF,Krystal,Stewart,fhardin@gmail.com,111-.12-7.93,"1150 Andrew Mission Suite 926, North Toddstad, AR 54322",1988-10-28,N1VNIXHFCR
98I8I6ZG07,Desiree,Schultz,timothymyers@ballard-villanueva.biz,049-511-3535,"Unit 6300 Box 0874, DPO AA 55265",1978-03-17,8XQ99IHVT3
QRBGSRGOLT,Jennifer,Roman,joshuataylor@hotmail.com,001-662-6520,"914 Alexander Dam, New Marisa, TX 71028",1927-08-12,WTWUETSHJF
Z55EMNTLMG,Helen,Dyer,stevenjohnson@cook-chapman.com,334-900-2344,"5223 Cole Overpass Apt. 737, Spencerberg, WI 21545",1973-08-16,WN4AGU3KVB
6UVV150ZS3,Robert,Robinson,benjaminkathryn@olson-wilson.com,223-224-9161,"304 Timothy Track Apt. 081, Davisbury, AR 97323",1934-11-24,QWDYJG22FH
HEC9UGAST1,Hayley,Cabrera,mary09@hood.com,146-.26-4.40,"968 Burton Oval Suite 169, Wadeshire, IL 49826",2011-06-11,LB4GXSNSRD
MH9CYT1GU2,Megan,Price,heather37@ford.com,911-711-4805,"142 Marquez Burg Suite 965, Dudleyville, ND 38039",1981-03-24,ZK57ZZMBGL
OY4GDIEPAV,Peter,Zamora,kimberlyrose@thomas.com,951-.98-2.69,"32349 Duncan Square Suite 430, Vanessaport, NM 01063",1990-10-17,TX5JO87TE5
YOBF2KHHZG,Jason,Haas,grossbrian@gray-rojas.com,001-013-6911,"931 Jeremy Throughway Apt. 162, Steelechester, AR 70467",1986-05-13,5SVC6QKTM5
0KPOA9EMUV,James,Hurley,mkim@foster.org,055-795-9042,"3412 Jackson Lights Apt. 248, Walshview, MA 33318",1943-06-28,U55OBQC089
NU7BVT4KNM,Jacob,Young,amandaortega@smith.com,001-152-4242,"USNS Rodriguez, FPO AE 41119",1922-07-21,N1VNIXHFCR
6Q6KLWVPIC,Zachary,Gonzalez,joann90@wagner-fox.com,200-.44-1.15,"140 Jerry Tunnel Apt. 808, Chandlerstad, PA 97942",1939-06-07,8XQ99IHVT3
IZQ1EMEUG8,Brittany,Esparza,frankelliott@hotmail.com,446-460-3208,"495 Banks Orchard Apt. 312, North Corey, TX 32730",1990-12-14,WTWUETSHJF
5DEBXTXEZE,Stephen,Brown,krivera@gmail.com,158-.46-0.68,"5930 Roberson Wells, Harpertown, UT 27311",2008-10-24,WN4AGU3KVB
X4PEYXRNLD,Leroy,Torres,angelaallen@yahoo.com,167-104-2787,"84469 Foster Ridge, Blairhaven, NE 21206",1959-11-17,QWDYJG22FH
XQYL30NALY,James,Medina,patrick48@jordan.com,441-326-7060,"066 Bowman Highway Apt. 647, West Gregory, OH 10517",1957-01-28,LB4GXSNSRD
IASB60CQJ5,John,Wu,johnalexander@gmail.com,+10-572-2795,"98357 Marshall Knolls Apt. 572, Thorntonborough, NV 69915",1971-12-25,ZK57ZZMBGL
O5ZZ6NT5HM,Ronald,Mendez,vknox@payne.com,+18-681-4627,"PSC 2206, Box 2614, APO AP 16241",1980-03-09,TX5JO87TE5
UG45HQIJL9,Karina,Harris,petersonstacey@hotmail.com,001-854-4472,"7636 Robert Circle, Joshuahaven, MA 15012",1957-08-27,5SVC6QKTM5
GJ2JGQYSZR,James,Barton,juarezdebbie@hotmail.com,+15-056-5236,"15893 Jacqueline Rue Suite 595, Charlesmouth, NJ 81979",1986-01-01,U55OBQC089
HYQ2X98EBR,Amber,Baker,stevewalker@stewart.com,891-.41-6.26,"66054 Michelle Loop, Russostad, IA 42740",1964-08-29,N1VNIXHFCR
ER8K8J02FA,Jason,Frank,bryanjohnson@gallagher.net,001-311-6828,"01863 Hernandez Summit Suite 949, Colemanberg, MN 04143",1912-06-19,8XQ99IHVT3
M198MDFG9W,Brian,Aguirre,hcampos@smith.net,+13-132-2351,"03805 Jose Mountain, Kinghaven, WI 03197",1942-11-23,WTWUETSHJF
1LIR52ONVX,Amy,Dunn,sdavis@haas.com,237-.44-8.45,"9826 Kaitlyn Vista Apt. 867, North Teresaland, NE 22462",1934-10-18,WN4AGU3KVB
DB2QI8CTIX,Rose,Walker,burnettamanda@davis.com,622-318-3678,"0388 Lawrence Junction Suite 153, North Shaneport, NC 04745",1954-01-15,QWDYJG22FH
GB6CSOK170,Rachel,Sanders,valenciaevan@shannon.com,177-593-2749,"43191 Jason Stravenue Apt. 153, East Linda, NV 59739",1920-09-14,LB4GXSNSRD
R3AES0BQRA,Jerry,Gates,xroberts@phillips.com,374-581-8732,"285 Bush Wall Apt. 332, Port Robert, TN 94472",1916-07-30,ZK57ZZMBGL
HPSBK1H9OQ,Grace,Payne,xdiaz@smith.biz,269-.14-8.04,"5091 Lang Expressway Suite 797, Millerburgh, MO 49498",1914-01-29,TX5JO87TE5
AVGA18RCZ1,Michael,Herrera,adamnorris@hill.com,949-181-0365,"360 White Villages, East Jennifer, ND 91606",2010-03-16,5SVC6QKTM5
BEOG53VLQM,John,Jennings,jrose@burns.info,600-421-4010,"80069 Willis Divide, Dianafurt, KY 47273",1999-04-23,U55OBQC089
17TPSY1KP6,Cindy,Clayton,eric52@johnson.com,402-.87-5.79,"83352 Michael Hills Apt. 780, Port Stevenshire, AK 06923",1929-02-11,N1VNIXHFCR
SNL6UCUAT0,Anthony,Delgado,pattersonpatrick@ross-hamilton.net,110-809-2871,"260 April Ridge Suite 925, Brooksview, MA 87944",1991-06-11,8XQ99IHVT3
2W6FUH09TW,Melanie,Kim,judy74@adams.com,924-133-0331,"4316 Kimberly Lodge, South Christopher, VT 29997",1996-07-31,WTWUETSHJF
L4M1ZU39MH,Tammy,Martin,monica68@schmidt.com,+14-592-1359,"7702 Sharon Forge Suite 916, Port Brittney, NH 96158",1933-10-15,WN4AGU3KVB
XGBHSP2UBO,Tracy,Wells,lisagonzalez@richardson.net,038-336-7724,"2923 Gates Row Suite 725, South Patrickstad, HI 16474",1962-03-21,QWDYJG22FH
ZH211K2CDB,Kimberly,Cook,morganwilliams@caldwell.com,995-747-2316,"PSC 7700, Box 8810, APO AP 13058",1936-03-09,LB4GXSNSRD
FIVQTWBN7R,Luis,Pugh,fpatrick@ball-jones.info,001-146-5471,"8818 Bowen Junctions Suite 021, Autumnton, MT 16645",1909-09-23,ZK57ZZMBGL
CSDGW1061U,Logan,Humphrey,dicksonwillie@smith.com,815-861-7390,"718 Lee Plaza Apt. 754, New Lindseybury, MO 34429",1997-01-30,TX5JO87TE5
YIELRMMV5A,Laura,Woodward,leahevans@morgan.com,001-095-7883,"3939 Jennifer Via, Port Derekchester, MT 54635",1985-05-25,5SVC6QKTM5
789AFFZE5K,Ricardo,Jones,davidrobles@hotmail.com,909-656-7329,"520 Trevino Causeway Suite 040, North Andrewtown, CO 71236",2010-04-07,U55OBQC089
Q6U4CF93ES,Lori,Jones,tgarcia@hurley.com,059-857-4239,"PSC 0430, Box 6263, APO AA 31561",1940-12-27,N1VNIXHFCR
OGJ80LOXJJ,Billy,Duncan,cortezjoshua@cooper-sanders.net,+19-279-3470,"238 Patterson Expressway Apt. 542, Lake Larry, VA 60965",1911-02-26,8XQ99IHVT3
1Q04JAFN14,Harold,Kelly,rebecca17@yahoo.com,001-115-7865,"515 Martin Corner Apt. 491, Burgessland, MS 20023",2013-01-26,WTWUETSHJF
J4150M68R7,Brian,Johnson,tiffanyjohnston@yahoo.com,001-615-1100,"579 Sandra Motorway Apt. 226, New Brandonmouth, MI 22185",1926-04-10,WN4AGU3KVB
NKBL7LQ43H,Jonathan,Carter,rscott@phillips-white.com,001-439-1441,"5021 Cynthia Lakes, Hallshire, AR 17167",2002-01-20,QWDYJG22FH
YLVJ3EGETS,Joel,Hunter,rebecca66@miller.com,136-392-1401,"98255 Autumn Ports Suite 298, Lake Julia, UT 84736",1996-12-15,LB4GXSNSRD
IJ1MSUGD5I,Danielle,Fischer,kford@gmail.com,448-800-4600,"USNS Green, FPO AE 04457",1952-11-08,ZK57ZZMBGL
CUKYEW7F2P,David,Mcgee,cassandrabender@yahoo.com,732-103-7505,"956 Regina Lights, Pamelaside, IA 46029",1994-01-14,TX5JO87TE5
6NXN9XC6JS,Samantha,Ramirez,raymondsimmons@hamilton-holmes.com,264-438-7249,"7420 Kristin Mission, Rachelshire, DC 81727",1948-04-04,5SVC6QKTM5
RACJOHPREM,Christopher,Nixon,barbara37@hotmail.com,802-185-3491,"009 Kelley Fall Suite 419, Castillotown, LA 86570",1912-03-14,U55OBQC089
SSI6K32Z2U,Colleen,Thomas,hughesgloria@yahoo.com,561-.78-7.69,"67759 Smith Fields, Shannonton, UT 01697",1961-06-07,N1VNIXHFCR
95ELY8RTT2,Thomas,Solis,gabriella69@shaffer.org,563-085-5399,"795 Christopher Parkways, Fergusonside, NY 51735",1950-02-02,8XQ99IHVT3
2LMT4Z8RXA,Daniel,Nash,daniel02@manning-hernandez.biz,621-461-0369,"5889 William Trail, Mcfarlandberg, IL 13068",1962-09-05,WTWUETSHJF
YLD1ZG0LKJ,Kyle,Baker,mcfarlandcourtney@wyatt.com,+11-857-1582,"607 Carol Glen, Coxberg, UT 56113",1909-02-25,WN4AGU3KVB
EUTRWYRI9H,Vincent,Moss,keithadams@fernandez-mitchell.info,202-438-1216,"380 Lane River, Kevinfort, TX 95172",1944-05-28,QWDYJG22FH
ZQX4PA0I0K,Robert,Walker,nphelps@gomez.com,481-536-8505,"USNS Harrington, FPO AP 65123",1972-04-03,LB4GXSNSRD
WWNUCWLPE8,Jessica,Walker,rgomez@burns-parker.com,731-.82-3.98,"2379 Michael Valleys Suite 323, Johnsonshire, TX 36513",1951-08-09,ZK57ZZMBGL
HOE88CUHPJ,Patrick,Miller,gregory03@ramirez.info,+12-364-1806,"9290 Shepherd Key Suite 849, East Sarah, UT 07598",1956-07-21,TX5JO87TE5
7NKH1QO8IJ,Anthony,Barrett,laurenfarley@osborne.biz,181-087-0685,"262 Zachary Ports, Wardfort, NV 79570",1979-11-27,5SVC6QKTM5
JWISI2DTW2,Latasha,Hammond,garciarachel@gonzalez-davis.com,+17-608-0043,"04477 Timothy Junction, Matthewburgh, AL 01403",1992-06-09,U55OBQC089
KK032ZL317,Victoria,George,dpreston@gmail.com,536-006-6376,"234 Jackson Greens, Lake Jenniferberg, MI 76770",1968-07-08,N1VNIXHFCR
IG5ZP3US9O,Samantha,Nunez,joshua60@gmail.com,936-464-1528,"59184 Adam Bypass Suite 469, South Brittanyborough, VT 71923",1913-04-21,8XQ99IHVT3
7SZGN9TPQL,Nicole,Garcia,michaeladams@hotmail.com,+14-315-2875,"Unit 2239 Box 6800, DPO AE 24117",1942-06-22,WTWUETSHJF
HIQ8ODCJBA,Megan,Burch,tylerjohnson@conley.net,001-570-8546,"1196 Flores Stravenue, North Robertshire, MA 25860",1987-07-10,WN4AGU3KVB
N7K4PAI714,Mark,White,elizabethwilson@ray.info,001-675-0636,"35023 Boyd Pines, Markland, TX 32405",1924-09-05,QWDYJG22FH
BYIXJEUPQF,Pamela,Clay,jeffrey23@yahoo.com,817-694-6351,"060 Mark Lock, Fitzpatrickborough, ID 59156",1957-10-29,LB4GXSNSRD
E85QY3INU8,Kimberly,Wilson,turnerrachel@hotmail.com,803-568-6812,"1135 Aaron Estates Apt. 860, Jacksonmouth, NM 94302",1933-07-10,ZK57ZZMBGL
CD8ZKKQ294,Andrew,Mason,ramirezwilliam@yahoo.com,686-904-4652,"222 James Mission, New Jenniferside, AL 24238",2009-11-22,TX5JO87TE5
1HCI5VY6PY,Mark,Miller,owensuzanne@gmail.com,833-940-5760,"028 Knight Station Apt. 144, Port Mikeville, LA 93560",1939-02-20,5SVC6QKTM5
SO3ODBYKLF,Jesse,Camacho,frogers@bentley.net,+11-128-9468,"6071 Johnston Mountains, Ingramstad, LA 35044",1954-12-28,U55OBQC089
VIOIIAC4F8,James,Flores,mjones@gmail.com,+15-090-5142,"45972 Golden Square, New Dennis, GA 08402",1992-05-31,N1VNIXHFCR
PR0N5VOQPJ,Peter,Manning,lisa08@yahoo.com,044-308-7608,"25690 Jessica Harbor, Greenefurt, MA 08949",1955-09-04,8XQ99IHVT3
GIN9R0VCOL,George,Lopez,qmcintosh@glover.net,+10-357-3972,"640 Michael Throughway, Brianshire, IL 86864",1926-06-16,WTWUETSHJF
1ERG8QEDIQ,Bryan,Kirby,phyllissolis@gmail.com,001-138-4643,"11858 Carter Center, North Andrea, ME 22841",1960-11-08,WN4AGU3KVB
MP0SJVIBS9,Marcus,Rojas,hbender@gmail.com,001-178-0759,"379 Flores Ports, Millermouth, WY 56411",1909-03-03,QWDYJG22FH
XAVYDNI6LV,Dan,Bell,nicole39@mccarthy.biz,938-394-3036,"2257 David Cove, North Carolyn, KY 41723",1942-10-04,LB4GXSNSRD
FZ5ZHZ45UX,Joseph,Briggs,nsanford@gmail.com,100-119-9648,"833 Chavez Radial Suite 106, Ericaborough, CO 06604",1925-05-22,ZK57ZZMBGL
C06Y36DQQ0,Bryan,Williams,torresdaniel@lawrence.com,001-165-7820,"099 Michael Corner Suite 090, North Mandy, UT 01692",1958-12-20,TX5JO87TE5
EIPSP04WYO,Randy,Clark,richard39@johnson.com,845-.87-0.91,"744 Ferguson Mountain, Christopherton, UT 04401",2018-06-29,5SVC6QKTM5
5KZSEMYJ9F,Javier,Hester,edwardmoody@hotmail.com,894-525-4190,"24394 Daniel Inlet, Gillside, CT 65247",1986-03-04,U55OBQC089
NMPZ7MYPW6,Jacob,Chavez,charles40@gmail.com,018-924-0911,"1935 Griffin Fall, Mcintyrebury, HI 98877",1990-03-03,N1VNIXHFCR
7HW2RKO3YK,Brittany,Jones,amandamorris@gmail.com,064-.96-0.38,"770 Angela Mount, Port Jamieshire, NC 95171",1964-11-07,8XQ99IHVT3
